id_sucursal,nombre,direccion,email
1,Consumer Services,02 Everett Center,ngiddy0@ehow.com
2,Health Care,210 Bartelt Court,iissacov1@joomla.org
3,Technology,00 Independence Center,aoleksiak2@ft.com
4,Public Utilities,25963 Myrtle Hill,mdunstan3@cafepress.com
5,n/a,2 Utah Way,balhirsi4@loc.gov
6,Capital Goods,16 Badeau Way,vstockbridge5@webs.com
7,Consumer Services,3 Mayfield Parkway,aneggrini6@goodreads.com
8,Consumer Services,427 Morrow Plaza,cparvin7@seesaa.net
9,n/a,7461 Anhalt Trail,mwhaites8@amazon.co.uk
10,Consumer Services,46431 6th Lane,mdachs9@xinhuanet.com
11,Public Utilities,72594 Hovde Junction,bleifera@acquirethisname.com
12,Health Care,6 Oneill Way,jputmanb@elpais.com
13,Basic Industries,89 Oneill Road,mridelc@skype.com
14,Consumer Non-Durables,3 Gale Street,aminchid@aboutads.info
15,Consumer Services,076 Miller Center,battwoule@parallels.com
16,Energy,7225 Pond Drive,esheivelsf@irs.gov
17,Technology,2 Erie Avenue,galelsandrovichg@unesco.org
18,Technology,9 Cordelia Lane,sdemanueleh@addthis.com
19,Finance,1953 Pennsylvania Way,jmarunchaki@soup.io
20,Health Care,4 Moose Road,bscolesj@github.io
21,n/a,11478 Sugar Center,mpavlishchevk@chron.com
22,Energy,000 Maywood Court,nhaymanl@techcrunch.com
23,n/a,11 Cody Avenue,vbozierm@reverbnation.com
24,n/a,17 Monument Street,pscothernn@nps.gov
25,Consumer Services,25455 Sloan Place,dairdo@independent.co.uk
26,Health Care,60 Tennyson Parkway,fnewbandp@soup.io
27,Finance,4 Quincy Circle,acollcottq@mozilla.org
28,Energy,638 Artisan Center,jczajkowskir@canalblog.com
29,Health Care,86 Fair Oaks Street,cseillers@smugmug.com
30,Basic Industries,5752 Boyd Alley,cleat@ustream.tv
31,n/a,0 7th Street,hbrandtu@nytimes.com
32,Consumer Durables,01379 Tomscot Parkway,tparminterv@boston.com
33,Finance,9 Pennsylvania Plaza,cpettusw@jigsy.com
34,Public Utilities,67 Gateway Court,cvollamx@chron.com
35,Health Care,9267 Monica Alley,pbourgoury@goodreads.com
36,Consumer Services,47 Pond Avenue,mlichtfothz@stanford.edu
37,Consumer Services,912 Anderson Center,tgreedy10@jimdo.com
38,Finance,9 Golden Leaf Trail,eowbridge11@mtv.com
39,Public Utilities,42 Morrow Place,lguinnane12@sbwire.com
40,Health Care,99947 Dapin Lane,cheighton13@gov.uk
41,Technology,5 Steensland Point,etaft14@domainmarket.com
42,n/a,7 Northport Trail,igreenig15@nsw.gov.au
43,Health Care,324 Center Parkway,bschnitter16@smh.com.au
44,Health Care,28185 Grover Alley,tgreedier17@miitbeian.gov.cn
45,Public Utilities,0157 Fair Oaks Drive,smeiklejohn18@histats.com
46,Transportation,3601 Golf Way,prand19@blog.com
47,Health Care,44175 Autumn Leaf Circle,kaxton1a@cbc.ca
48,Transportation,606 Sullivan Road,pcaswell1b@vistaprint.com
49,Health Care,9 Pennsylvania Park,dredborn1c@auda.org.au
50,Finance,720 Crowley Avenue,rrivard1d@godaddy.com
