id_usuario,user,password,email
1,rrobeiro0,wV6#xs~T0,dmcgillicuddy0@mozilla.org
2,fdiloway1,rH1/k5U|7ch.U+,mkinder1@businesswire.com
3,rvolker2,oV7@/x>?q_,efurphy2@google.ca
4,wpettisall3,"iL1""'b?e'",fmowday3@istockphoto.com
5,lelias4,pA4$eG@N!6,savis4@fda.gov
6,eker5,qM3'2m7ncjdV,pfarnorth5@ox.ac.uk
7,lgiovanni6,zQ3@$d{`he{,wcalrow6@microsoft.com
8,zclemmens7,nV6{Va4sKA`qL,dchristensen7@bloomberg.com
9,nmcmeekin8,xH0#?xrTn/VW,hgrigoire8@washington.edu
10,mkobsch9,pO3?<g9D,wriggoll9@elpais.com
11,bcatterilla,sY2}~XyQ6job,lhadgrafta@amazon.co.jp
12,kduddellb,mS7~K_CY,aotridgeb@networksolutions.com
13,kbreytc,iW7{8JLn<?,nbrandsc@ted.com
14,bvaind,sS1$O((>f<,nmaled@dyndns.org
15,alacottee,hI2.#NqLUbrz{`,cinde@zimbio.com
16,clarwellf,qY8)xXjQZp,ablazewiczf@symantec.com
17,egeesong,vB5~0EsRY$gIU,mmaniong@instagram.com
18,rmuttonh,"pP9,&0Y$'k",gemmetth@list-manage.com
19,rterrami,"wD6""m&?0p",aclyburni@chron.com
20,tbriersj,lD8+B1lK,fgreenhaughj@amazon.co.jp
21,cpostlethwaitek,zB8__>/8MsB>e,dsagerk@fema.gov
22,ldelaundel,yA0!)($W),rgreensittl@ucsd.edu
23,kshouldersm,dM5#rF43,rjeacockm@merriam-webster.com
24,hcasieron,zL0*#92iJGCxc$<q,lmacalroyn@apple.com
25,pnannizzio,"wK4=_,6YK`",wcrokeo@un.org
26,gbeechp,"bB9`xs<xf2F,o",jwaterp@google.it
27,qdoddridgeq,vR8)lmqvX}7H,sspoursq@mapy.cz
28,lskittrallr,aU8/J9zk?s&E)JA',hwroughtonr@amazon.co.uk
29,cnelles,uO6{&Wh?ra1/Hdww,wbuggs@sbwire.com
30,sroskamst,bU7'1w*d4,dochterlonyt@nih.gov
31,ckedslieu,dB3!j7VresPEl=,mjacquemotu@nhs.uk
32,wheiblv,eF9(_`#TcFGeEy`,aneichov@trellian.com
33,fleborgnew,"yK5)!e""=1",edouthwaitew@zdnet.com
34,mhansmanx,"sM2$\""V&ELg",mreadwoodx@wikipedia.org
35,mhockeyy,wU6+C|8&Y5,dmunniony@harvard.edu
36,tgrievez,iC3{#a'I,ilaydelz@unc.edu
37,hhardi10,"kS6~${LU8k,",crosie10@ask.com
38,pyesenev11,xT9`8ZfZGC|1w,cwickwar11@dailymotion.com
39,astouther12,zF1~i(COm,dlanbertoni12@google.ru
40,tharrower13,gN4&yZ|KE'>,sworral13@wikipedia.org
41,gkepling14,lD3?tY|Y,hcroix14@tripod.com
42,cbrumbie15,rL8~lLJQ5q7C,lmildner15@1688.com
43,obatchelder16,tU0}o99R,rstoving16@ucsd.edu
44,twenman17,oA9}K{S6aoui',gcrosson17@noaa.gov
45,hwield18,"cZ0.3T=""",emoodie18@prweb.com
46,agascard19,"aR6+&lj5=""f",mebunoluwa19@163.com
47,gshearsby1a,"nM3?A`0a=p>,J",cbish1a@wiley.com
48,rtschersich1b,"bF7'_vC,6",rferrieres1b@is.gd
49,fstoving1c,aP2)=@S$sv>,wwhiteway1c@tumblr.com
50,cmerrikin1d,xP4>8iRy,ehancill1d@sourceforge.net
